{
    "status": {
        "statusCode": "0",
        "severity": 1,
        "statusDescription": "Success",
        "serverStatusCode": "60264",
        "serverStatusDescription": "ALL ITEMS PROCESSED FOR THIS REQUEST",
        "additionalStatus": null
    },
    "recipientList": [
        {
            "identifier": "001",
            "name": "Sat Sat",
            "nickName": null,
            "tokenDetailList": [],
            "initials": "SA"
        },
        {
            "identifier": "002",
            "name": "Sat Sat1",
            "nickName": null,
            "tokenDetailList": [
                {
                    "tokenValue": "sat@sat.com",
                    "tokenType": "email"
                }
            ],
            "initials": "SA"
        },
        {
            "identifier": "003",
            "name": "Navdeep R2rtest",
            "nickName": null,
            "tokenDetailList": [],
            "initials": "NA"
        },
        {
            "identifier": "004",
            "name": "Ga A",
            "nickName": null,
            "tokenDetailList": [
                {
                    "tokenValue": "test@gmail.com",
                    "tokenType": "email"
                }
            ],
            "initials": "GA"
        },
        {
            "identifier": "005",
            "name": "Ganesh G G",
            "nickName": null,
            "tokenDetailList": [
                {
                    "tokenValue": "ganeshm222@gmail.com",
                    "tokenType": "email"
                }
            ],
            "initials": "GA"
        },
        {
            "identifier": "006",
            "name": "Lakshmi G G",
            "nickName": null,
            "tokenDetailList": [
                {
                    "tokenValue": "lakshmi007@gmail.com",
                    "tokenType": "email"
                }
            ],
            "initials": "LA"
        },
        {
            "identifier": "007",
            "name": "Lakshmipratap G",
            "nickName": null,
            "tokenDetailList": [
                {
                    "tokenValue": "lakshmipratap.gollapalli@usbank.com",
                    "tokenType": "email"
                }
            ],
            "initials": "LA"
        },
        {
            "identifier": "008",
            "name": "Thariq Ahamed",
            "nickName": null,
            "tokenDetailList": [
                {
                    "tokenValue": "thariq.ahamedh@usbank.com",
                    "tokenType": "email"
                }
            ],
            "initials": "TH"
        },
        {
            "identifier": "009",
            "name": "R2r User",
            "nickName": null,
            "tokenDetailList": [
                {
                    "tokenValue": "000992146450574905@tdp.usbank.com",
                    "tokenType": "email"
                }
            ],
            "initials": "R2"
        },
        {
            "identifier": "010",
            "name": "Olm User User",
            "nickName": null,
            "tokenDetailList": [
                {
                    "tokenValue": "olmuser@usbank.com",
                    "tokenType": "email"
                }
            ],
            "initials": "OL"
        },
        {
            "identifier": "011",
            "name": "Test Full Name",
            "nickName": null,
            "tokenDetailList": [
                {
                    "tokenValue": "rajjunktokenemail@email.com",
                    "tokenType": "email"
                }
            ],
            "initials": "TE"
        },
        {
            "identifier": "012",
            "name": "Bbb Test",
            "nickName": null,
            "tokenDetailList": [
                {
                    "tokenValue": "bbb007@gmail.com",
                    "tokenType": "email"
                },
                {
                    "tokenValue": "1231458899",
                    "tokenType": "mobile"
                }
            ],
            "initials": "BB"
        },
        {
            "identifier": "013",
            "name": "Recipient Mugesh",
            "nickName": "MUGESH",
            "tokenDetailList": [
                {
                    "tokenValue": "mugesh.rajaram@usbank.com",
                    "tokenType": "email"
                },
                {
                    "tokenValue": "8965742398",
                    "tokenType": "mobile"
                },
                {
                    "tokenValue": "9875789257",
                    "tokenType": "mobile"
                }
            ],
            "initials": "RE"
        },
        {
            "identifier": "014",
            "name": "Ztbonlyews9999 Recipient",
            "nickName": null,
            "tokenDetailList": [
                {
                    "tokenValue": "testmail@gmail.com",
                    "tokenType": "email"
                },
                {
                    "tokenValue": "testtoken135@usbank.com",
                    "tokenType": "email"
                }
            ],
            "initials": "ZT"
        },
        {
            "identifier": "015",
            "name": "Gisnalbert Spinola",
            "nickName": "GIS",
            "tokenDetailList": [
                {
                    "tokenValue": "gis@email.com",
                    "tokenType": "email"
                },
                {
                    "tokenValue": "jw@gmail.com",
                    "tokenType": "email"
                },
                {
                    "tokenValue": "1631204568",
                    "tokenType": "mobile"
                }
            ],
            "initials": "GI"
        },
        {
            "identifier": "016",
            "name": "Exsample S Test",
            "nickName": null,
            "tokenDetailList": [
                {
                    "tokenValue": "exsampletoken81@usbank.com",
                    "tokenType": "email"
                }
            ],
            "initials": "EX"
        },
        {
            "identifier": "017",
            "name": "Test Test",
            "nickName": null,
            "tokenDetailList": [],
            "initials": "TE"
        },
        {
            "identifier": "018",
            "name": "Pari G",
            "nickName": null,
            "tokenDetailList": [
                {
                    "tokenValue": "parimala.g@gmail.com",
                    "tokenType": "email"
                },
                {
                    "tokenValue": "1231455468",
                    "tokenType": "mobile"
                }
            ],
            "initials": "PA"
        },
        {
            "identifier": "019",
            "name": "Tet Test",
            "nickName": null,
            "tokenDetailList": [
                {
                    "tokenValue": "prataptest8888@usbank.com",
                    "tokenType": "email"
                }
            ],
            "initials": "TE"
        }
    ],
    "fullName": null,
    "code": 60264,
    "message": "ALL ITEMS PROCESSED FOR THIS REQUEST",
    "transactionIdentifier": null,
    "errorCode": 0,
    "errorMessage": null
}