{
    "cXcPayee": {
        "emailTokenList": [
            {
                "actionCode": "N",
                "tokenIdentifier": "test.test@usbank.com",
                "tokenNickName": null,
                "newNickName": null,
                "newTokenIdentifier": null,
                "newTokenNickName": null,
                "resultStatus": {
                    "resultCode": "0",
                    "resultMessage": "SUCCESS"
                }
            }
        ],
        "legalParticipantIdentifier": "906992134489687623",
        "name": "Recipient Test1",
        "nickName": "User",
        "phoneTokenList": [
            {
                "actionCode": "N",
                "tokenIdentifier": "8569742365",
                "tokenNickName": null,
                "newNickName": null,
                "newTokenIdentifier": null,
                "newTokenNickName": null,
                "resultStatus": {
                    "resultCode": "0",
                    "resultMessage": "SUCCESS"
                }
            }
        ],
        "recipientIdentifier": "020",
        "cxcActionCode": "N",
        "resultStatus": {
            "resultCode": "0",
            "resultMessage": "SUCCESS"
        }
    },
    "errorCode": 0,
    "errorMessage": null
}